슬라이드,시작,종료,길이(초),FishAudio,영상 재생,영상 원음,자막 수
1,00:00.00,00:16.13,16.13,O,X,X,9
2,00:16.13,00:51.60,35.47,O,X,X,18
3,00:51.60,01:17.43,25.83,O,X,X,15
4,01:17.43,01:42.33,24.9,O,"O (좌우 2개, 화면만)",X,13
5,01:42.33,01:56.40,14.07,O,X,X,8
6,01:56.40,02:08.50,12.1,X,O (전체화면),O,0
7,02:08.50,02:40.17,31.67,O,X,X,17
8,02:40.17,03:03.63,23.47,X,O (전체화면),O,0
9,03:03.63,03:12.67,9.03,O,X,X,5
10,03:12.67,03:21.63,8.97,O,X,X,5
11,03:21.63,03:35.37,13.73,X,O (전체화면),O,0
12,03:35.37,03:52.67,17.3,O,X,X,8
13,03:52.67,04:01.33,8.67,X,O (전체화면),O,0
14,04:01.33,04:05.43,4.1,O,X,X,2
15,04:05.43,04:12.00,6.57,X,O (전체화면),O,0
16,04:12.00,04:16.87,4.87,O,X,X,3
17,04:16.87,04:28.73,11.87,X,O (전체화면),O,0
18,04:28.73,04:33.93,5.2,O,X,X,3
19,04:33.93,04:44.37,10.43,X,O (전체화면),O,0
20,04:44.37,04:58.30,13.93,O,X,X,8
21,04:58.30,05:05.40,7.1,O,X,X,4
22,05:05.40,05:33.17,27.77,O,X,X,16
23,05:33.17,05:50.70,17.53,O,X,X,9
24,05:50.70,06:08.20,17.5,O,X,X,13
25,06:08.20,06:28.53,20.33,O,X,X,14
26,06:28.53,06:48.60,20.07,O,X,X,12
27,06:48.60,07:03.30,14.7,O,X,X,8
28,07:03.30,07:13.27,9.97,O,X,X,6
29,07:13.27,07:18.03,4.77,O,X,X,3
30,07:18.03,07:41.50,23.47,O,X,X,14
31,07:41.50,08:01.87,20.37,O,X,X,13
32,08:01.87,08:17.37,15.5,O,X,X,9
33,08:17.37,08:32.33,14.97,O,X,X,8
34,08:32.33,08:46.27,13.93,O,X,X,9
35,08:46.27,08:55.07,8.8,O,X,X,4
36,08:55.07,09:35.67,40.6,O,X,X,23
37,09:35.67,10:06.47,30.8,O,X,X,19
38,10:06.47,10:42.37,35.9,O,X,X,21
39,10:42.37,10:58.07,15.7,O,X,X,8
40,10:58.07,11:14.37,16.3,O,X,X,8
41,11:14.37,11:27.80,13.43,O,X,X,8
42,11:27.80,11:39.27,11.47,O,X,X,7
43,11:39.27,12:11.70,32.43,O,X,X,17
44,12:11.70,12:37.53,25.83,O,X,X,15
45,12:37.53,12:46.33,8.8,O,X,X,4
46,12:46.33,13:08.30,21.97,O,X,X,12
47,13:08.30,13:21.80,13.5,O,X,X,8
48,13:21.80,13:56.20,34.4,O,X,X,18
49,13:56.20,14:12.10,15.9,O,X,X,8
50,14:12.10,14:37.27,25.17,O,X,X,14
51,14:37.27,15:01.60,24.33,O,X,X,14
52,15:01.60,15:05.70,4.1,O,X,X,2
53,15:05.70,15:17.30,11.6,O,"O (화면만, 반복)",X,6
54,15:17.30,15:34.47,17.17,O,X,X,10
55,15:34.47,16:16.47,42.0,O,X,X,21
56,16:16.47,16:24.53,8.07,O,X,X,4
57,16:24.53,16:41.83,17.3,O,X,X,9
58,16:41.83,16:44.87,3.03,O,X,X,0
59,16:44.87,16:46.33,1.47,O,X,X,0
60,16:46.33,16:52.70,6.37,O,X,X,3
61,16:52.70,17:00.67,7.97,O,"O (화면만, 반복)",X,4
62,17:00.67,17:13.30,12.63,O,X,X,7
63,17:13.30,17:23.37,10.07,O,X,X,5
64,17:23.37,17:35.00,11.63,O,X,X,7
65,17:35.00,17:50.60,15.6,O,X,X,9
66,17:50.60,17:56.23,5.63,O,X,X,0
67,17:56.23,17:59.03,2.8,O,X,X,0
68,17:59.03,18:06.67,7.63,O,X,X,2
69,18:06.67,18:51.83,45.17,O,X,X,23
70,18:51.83,19:00.60,8.77,O,X,X,4
71,19:00.60,19:03.20,2.6,O,X,X,2
72,19:03.20,19:12.43,9.23,O,"O (화면만, 반복)",X,5
73,19:12.43,19:25.93,13.5,O,X,X,8
74,19:25.93,19:37.13,11.2,O,X,X,7
75,19:37.13,19:50.70,13.57,O,X,X,8
76,19:50.70,19:56.23,5.53,O,X,X,0
77,19:56.23,20:00.33,4.1,O,X,X,0
78,20:00.33,20:08.90,8.57,O,X,X,3
79,20:08.90,20:17.27,8.37,O,"O (화면만, 반복)",X,5
80,20:17.27,20:33.27,16.0,O,X,X,8
81,20:33.27,20:47.93,14.67,O,X,X,8
82,20:47.93,20:53.50,5.57,O,X,X,0
83,20:53.50,20:55.27,1.77,O,X,X,0
84,20:55.27,20:56.83,1.57,O,X,X,0
85,20:56.83,21:06.27,9.43,O,X,X,5
86,21:06.27,21:40.20,33.93,O,X,X,18
87,21:40.20,21:47.00,6.8,O,X,X,4
88,21:47.00,21:51.60,4.6,O,X,X,3
89,21:51.60,22:08.30,16.7,O,"O (화면만, 반복)",X,9
90,22:08.30,22:30.03,21.73,O,X,X,12
91,22:30.03,22:38.43,8.4,O,X,X,0
92,22:38.43,22:43.43,5.0,O,X,X,0
93,22:43.43,22:51.80,8.37,O,X,X,3
94,22:51.80,23:07.23,15.43,O,X,X,8
95,23:07.23,23:22.20,14.97,O,"O (화면만, 반복)",X,9
96,23:22.20,24:03.27,41.07,O,X,X,22
97,24:03.27,24:22.80,19.53,O,X,X,11
98,24:22.80,24:30.60,7.8,O,X,X,4
99,24:30.60,24:34.53,3.93,O,X,X,0
100,24:34.53,24:35.90,1.37,O,X,X,0
101,24:35.90,24:37.73,1.83,O,X,X,0
102,24:37.73,24:58.77,21.03,O,X,X,11
103,24:58.77,25:41.63,42.87,O,X,X,25
104,25:41.63,25:49.33,7.7,O,X,X,5
105,25:49.33,26:04.63,15.3,O,X,X,9
106,26:04.63,26:11.53,6.9,O,X,X,4
106,26:11.53,26:31.33,19.8,X,O (슬라이드 칸 안),O,0
107,26:31.33,26:41.60,10.27,X,O (슬라이드 칸 안),O,0
108,26:41.60,26:52.17,10.57,O,X,X,6
109,26:52.17,27:03.23,11.07,O,X,X,6
110,27:03.23,27:11.77,8.53,O,X,X,5
111,27:11.77,27:35.67,23.9,O,X,X,12
112,27:35.67,27:54.83,19.17,O,X,X,10
113,27:54.83,28:27.93,33.1,O,X,X,17
114,28:27.93,29:20.63,52.7,O,X,X,29
